jira_id,issue_type,prefactoring_detected,confidence,structural_refactoring,structural_td_fixed,refactoring_count,fixed_count,new_count,diff_available,reasoning
HDFS-14678,Improvement,False,high,False,False,6,0,0,,No SonarQube issues were fixed in this change.
HDFS-13616,New Feature,False,high,False,False,1,0,8,,No SonarQube issues were fixed in this change.
HDFS-15520,Improvement,False,high,False,False,4,0,10,,No SonarQube issues were fixed in this change.
HDFS-15577,Improvement,False,high,False,False,1,0,2,,No SonarQube issues were fixed in this change.
HDFS-15652,Improvement,False,high,False,False,1,0,0,,No SonarQube issues were fixed in this change.
HDFS-15703,Improvement,False,high,False,False,2,0,0,,No SonarQube issues were fixed in this change.
HDFS-15937,Improvement,False,high,False,False,9,0,0,,No SonarQube issues were fixed in this change.
HDFS-15877,Improvement,False,high,False,False,2,0,0,,No SonarQube issues were fixed in this change.
HDFS-15757,Improvement,False,high,True,False,8,0,2,,No SonarQube issues were fixed in this change.
HDFS-16048,New Feature,False,high,False,False,4,0,3,,No SonarQube issues were fixed in this change.
HDFS-13916,New Feature,False,high,True,False,17,0,1,,No SonarQube issues were fixed in this change.
HDFS-16088,Improvement,False,high,True,False,7,0,1,,No SonarQube issues were fixed in this change.
HDFS-15785,Improvement,False,high,True,False,7,0,0,,No SonarQube issues were fixed in this change.
HDFS-16119,Improvement,False,high,False,False,1,0,0,,No SonarQube issues were fixed in this change.
HDFS-16137,Improvement,False,high,False,False,1,0,0,,No SonarQube issues were fixed in this change.
HDFS-16173,Improvement,False,high,False,False,1,0,1,,No SonarQube issues were fixed in this change.
HDFS-16197,Improvement,False,high,True,False,10,0,0,,No SonarQube issues were fixed in this change.
HDFS-15920,Improvement,False,high,False,False,4,0,1,,No SonarQube issues were fixed in this change.
HDFS-16286,Improvement,False,high,False,False,6,0,17,,No SonarQube issues were fixed in this change.
HDFS-16320,Improvement,False,high,True,False,1,0,1,,No SonarQube issues were fixed in this change.
HDFS-16314,Improvement,False,high,False,False,4,0,1,,No SonarQube issues were fixed in this change.
HDFS-16386,Improvement,False,high,False,False,2,0,0,,No SonarQube issues were fixed in this change.
HDFS-16348,Improvement,False,high,True,False,1,0,2,,No SonarQube issues were fixed in this change.
HDFS-16399,New Feature,False,high,False,False,3,0,1,,No SonarQube issues were fixed in this change.
HDFS-16447,Improvement,False,high,False,False,8,0,1,,No SonarQube issues were fixed in this change.
HDFS-16459,Improvement,False,high,False,False,18,0,0,,No SonarQube issues were fixed in this change.
HDFS-16461,Improvement,False,high,False,False,2,0,0,,No SonarQube issues were fixed in this change.
HDFS-16434,Improvement,False,high,False,False,2,0,1,,No SonarQube issues were fixed in this change.
HDFS-16527,Improvement,False,high,False,False,8,0,1,,No SonarQube issues were fixed in this change.
HDFS-16519,Improvement,False,high,False,False,1,0,2,,No SonarQube issues were fixed in this change.
HDFS-16588,Improvement,False,high,False,False,1,0,0,,No SonarQube issues were fixed in this change.
HDFS-16597,Improvement,False,high,True,False,1,0,0,,No SonarQube issues were fixed in this change.
HDFS-16613,Improvement,False,high,False,False,5,0,0,,No SonarQube issues were fixed in this change.
HDFS-16655,Improvement,False,high,False,False,2,0,4,,No SonarQube issues were fixed in this change.
HDFS-16709,Improvement,False,high,False,False,1,0,1,,No SonarQube issues were fixed in this change.
HDFS-6874,Improvement,False,high,True,False,4,0,16,,No SonarQube issues were fixed in this change.
HDFS-16844,Improvement,False,high,False,False,1,0,1,,No SonarQube issues were fixed in this change.
HDFS-16858,New Feature,False,high,False,False,2,0,1,,No SonarQube issues were fixed in this change.
HDFS-16971,Improvement,False,high,False,False,3,0,3,,No SonarQube issues were fixed in this change.
HDFS-16979,Improvement,False,high,False,False,1,0,1,,No SonarQube issues were fixed in this change.
HDFS-17020,Improvement,False,high,False,False,1,0,2,,No SonarQube issues were fixed in this change.
HDFS-17037,Improvement,False,high,False,False,9,0,1,,No SonarQube issues were fixed in this change.
HDFS-17053,Improvement,False,high,False,False,1,0,0,,No SonarQube issues were fixed in this change.
HDFS-17044,Improvement,False,high,False,False,1,0,0,,No SonarQube issues were fixed in this change.
HDFS-17075,Improvement,False,high,False,False,7,0,1,,No SonarQube issues were fixed in this change.
HDFS-17115,Improvement,False,high,False,False,1,0,4,,No SonarQube issues were fixed in this change.
HDFS-17184,Improvement,False,high,False,False,2,0,0,,No SonarQube issues were fixed in this change.
HDFS-17197,Improvement,False,high,False,False,3,0,2,,No SonarQube issues were fixed in this change.
HDFS-17294,New Feature,False,high,False,False,4,0,2,,No SonarQube issues were fixed in this change.
HDFS-17215,Improvement,False,high,False,False,1,0,1,,No SonarQube issues were fixed in this change.
HDFS-17283,Improvement,False,high,False,False,1,0,2,,No SonarQube issues were fixed in this change.
HDFS-17306,Improvement,False,high,False,False,1,0,3,,No SonarQube issues were fixed in this change.
HDFS-17322,Improvement,False,high,False,False,1,0,2,,No SonarQube issues were fixed in this change.
HDFS-17451,Improvement,False,high,False,False,1,0,1,,No SonarQube issues were fixed in this change.
HDFS-17514,Improvement,False,high,True,False,1,0,1,,No SonarQube issues were fixed in this change.
HDFS-17576,Improvement,False,high,False,False,4,0,2,,No SonarQube issues were fixed in this change.
HDFS-13639,Improvement,False,high,False,False,1,1,3,True,"The single fixed SonarQube issue (java:S3824 in QueueMetrics.java) is in a YARN ResourceManager file that has no connection to the HDFS ShortCircuitCache/SlotReleaser performance improvement described in the JIRA. The feature work is entirely within hadoop-hdfs-project/hadoop-hdfs-client/shortcircuit/ files (ShortCircuitCache.java, DfsClientShmManager.java) and ShortCircuitRegistry.java, while the fixed TD is in hadoop-yarn-project/.../resourcemanager/scheduler/QueueMetrics.java — a completely unrelated file. The new SonarQube issues introduced (S3776 and S1141 in ShortCircuitCache.java) are consequences of adding the retry loop logic, confirming the feature change added complexity rather than reducing it. The single fixed TD item is therefore purely incidental cleanup with no causal relationship to the feature."
HDFS-15258,Improvement,False,high,False,False,1,1,1,True,"The JIRA feature work is entirely focused on RouterFsck.java (adding @InterfaceStability.Unstable annotation and a warning message), but the single fixed SonarQube issue is in ContainerMetrics.java (a YARN NodeManager file completely unrelated to HDFS RBF Router FSCK). There is zero spatial overlap between the feature scope and the fixed TD issue. The fix in ContainerMetrics.java (Map.computeIfAbsent pattern) is classic incidental cleanup with no logical connection to marking Router FSCK as unstable."
HDFS-14696,Improvement,False,high,True,True,33,22,17,True,"The JIRA task is to move TransferFsImage#doGetUrl and related functionality to Util.java, which is exactly what the diff does: methods, constants, and inner classes (HttpGetFailedException, HttpPutFailedException) are extracted/moved from TransferFsImage.java to the common package. The fixed SonarQube issues in TransferFsImage.java (S3776 cognitive complexity reduced because the large receiveFile/doGetUrl methods were removed, S107 parameter count reduced, S1143/S1163/S1124/S115/S2147/S1130/S2293/S4201/S1905/S3457/S4042) are direct byproducts of this structural refactoring—the method removal and code restructuring caused these violations to disappear from that file. The new issues added in Util.java largely mirror the violations that moved with the code (S1143, S1124, S115, S107, S2293), confirming the TD moved rather than being independently cleaned. Only a handful like S1130 on HttpPutFailedException and cosmetic changes in files only incidentally touched are genuinely incidental."
HDFS-17146,Improvement,False,high,False,False,3,2,3,True,"The two fixed SonarQube issues (java:S106 for System.out and System.err in DFSAdmin.java) were resolved incidentally — the diff shows these violations were simply moved/shifted as line numbers changed when the 'decomnodes' feature was added, but the actual System.out/System.err usages were not replaced with a logger. In fact, 3 new S106 issues were introduced at line 1936, confirming the feature work did not address the logger replacement pattern but merely shuffled existing code. The TD fixes appear to be line-number artifacts of the diff tracking rather than deliberate remediation, and the new issues added outnumber the fixes, showing no intentional cleanup occurred in relation to the feature implementation."
HDFS-16705,Improvement,False,high,True,True,5,4,0,True,"All four SonarQube issues were fixed in NamenodeHeartbeatService.java, which is the exact file the JIRA improvement targets. The cognitive complexity reduction (S3776) and nested try block extractions (S1141 x2) are direct byproducts of the Extract Method refactoring performed to split getNamenodeStatusReport() into updateNameSpaceInfoParameters(), updateSafeModeParameters(), and updateHAStatusParameters() — a restructuring explicitly called out in the JIRA ('Format code of getNamenodeStatusReport to make it clearer'). The TODO comment fix (S1135) corresponds to the hardcoded '30*1000' timeout that was replaced by the new configurable healthMonitorTimeoutMs field, directly implementing the 'Supports healthMonitorTimeout configuration' requirement from the JIRA. All TD fixes are causally necessary or natural byproducts of the feature implementation."
HDFS-16660,Improvement,False,high,True,True,28,4,0,True,"All 4 fixed SonarQube issues are in IPCLoggerChannel.java, which is the exact file named in the JIRA title ('Improve Code With Lambda in IPCLoggerChannel class'). The two S1604 issues ('Make this anonymous inner class a lambda') are directly resolved by the 20 'Replace Anonymous With Lambda' refactorings seen in the diff — these are the core deliverable of the JIRA. The S1186 issue (empty method body) was fixed by replacing the anonymous Runnable with an empty lambda `() -> {}` in waitForAllPendingCalls(), a direct consequence of the lambda conversion. The S1130 issue (unnecessary thrown exception declaration) was resolved as part of the same method restructuring (supported by RefactoringMiner's 'Remove Thrown Exception Type' detection). All fixes are causally driven by the stated improvement goal of converting anonymous inner classes to lambdas."
HDFS-17657,New Feature,False,high,True,False,1,1462,1,True,"The feature work primarily touched hadoop-hdfs files (Balancer.java, BalancerHttpServer.java, DFSConfigKeys.java, DFSUtil.java) to add HTTP server support for the balancer. The one new SonarQube issue added is in Balancer.java (java:S1192, duplicate literal 'Balancer') which is causally related to the feature adding new code. However, the 20 fixed SonarQube issues (java:S6201, S6208, S7158) are all in completely unrelated files: hadoop-cos, hadoop-huaweicloud, hadoop-annotations, hadoop-auth, and Configuration.java — none of which were touched by the feature diff. The method rename from httpServerTemplateForNNAndJN to getHttpServerTemplate is a structural refactoring that updated call sites in NFS, router, journal, namenode, and secondary namenode files, but this did not fix any SonarQube issues in those files. The 20 fixed issues are entirely incidental cleanup in files outside the feature scope."
HDFS-16331,New Feature,False,high,False,False,5,1,4,True,"The single fixed SonarQube issue (java:S3824 in FileSystemTimelineWriter.java) is in a YARN file completely unrelated to the HDFS block report reconfiguration feature, which touched DataNode.java, BPServiceActor.java, and DNConf.java. There is zero spatial overlap between the fixed TD issue and the feature's locus of change. The fix — replacing Map.get() with Map.computeIfAbsent() in a YARN timeline writer — has no logical connection to making dfs.blockreport.intervalMsec reconfigurable, making it clearly incidental cleanup committed alongside the feature work."
HDFS-17606,Improvement,False,high,True,False,8,2,1,True,"The two fixed SonarQube issues are: (1) java:S1874 in SaslDataTransferServer.java and (2) java:S3824 in FileSystemTimelineWriter.java. For SaslDataTransferServer.java, while the file was touched by the feature, examining the diff shows that clazz.newInstance() was retained (still used on line ~233, and a new S1874 issue was added at line 233 replacing the old one), so the deprecated API warning was not actually resolved — it was merely shifted, resulting in a net neutral. For FileSystemTimelineWriter.java, this file has no connection to the HDFS SASL callback handler feature (it's a YARN timeline writer), making it purely incidental cleanup. Neither fixed issue is a causal byproduct of the feature implementation, which centered on CustomizedCallbackHandler.java and the reflection-based delegate pattern in SaslDataTransferServer.java."
HDFS-17172,Improvement,False,high,False,False,9,1,5,True,"The single fixed SonarQube issue (java:S3824 in FileSystemTimelineWriter.java) is in a YARN file completely unrelated to the HDFS FSNamesystemLock reconfiguration feature. The feature work is entirely within FSNamesystem.java, FSNamesystemLock.java, and NameNode.java, and none of those files had TD fixed — in fact they gained 5 new TD issues. The fixed issue in the YARN utility class has no spatial or logical connection to the FSNamesystemLock parameter reconfigurability feature, making it purely incidental cleanup."
HDFS-10648,New Feature,False,high,False,False,1,2,1,True,"The S1116 fix (empty statement removal) in Balancer.java is directly causal: the diff shows 'dispatcher.reset(conf);;' being corrected to 'dispatcher.reset(conf);' as part of restructuring the resetData method to extract the new getNnc() accessor needed for BalancerMetrics — the double semicolon was in the exact code block being modified to implement the JIRA feature. The S3824 fix in ContainerMetrics.java is spatially unrelated to the Balancer metrics feature (it's in YARN NodeManager, a completely different subsystem), making it clearly incidental cleanup. With 1 causal and 1 incidental fix, the overall pattern is mixed but the primary Balancer.java fix is a natural byproduct of the feature implementation."
HDFS-16398,New Feature,False,high,True,False,14,4,3,True,"The 4 fixed SonarQube issues are: 2 issues (S1143, S1163 - throw in finally block) in DataNode.java and 2 issues (S3824 - Map.computeIfAbsent) in FileSystemTimelineWriter.java and ContainerMetrics.java. The DataNode.java fixes were a byproduct of removing the old DFS_BLOCKREPORT_INTERVAL_MSEC_KEY case block (which contained the try/catch/finally with throw-in-finally pattern), but the YARN file fixes (FileSystemTimelineWriter.java, ContainerMetrics.java) are entirely outside the feature scope (block report reconfiguration for datanode) and are clearly incidental. The new issues added are in DataNode.java at the feature's new reconfBlockReportParameters method, confirming the structural refactoring introduced new TD while the fixed TD in YARN files is unrelated cleanup."
HDFS-15025,New Feature,False,high,False,False,3,1,0,True,"The single SonarQube fix (java:S3824 Map.computeIfAbsent) is in ContainerMetrics.java under hadoop-yarn-server-nodemanager, which is entirely outside the feature scope. The NVDIMM feature work is concentrated in StorageType.java, HDFS storage policy classes, FsVolumeSpi/FsVolumeImpl, and related HDFS test files — none of which are in the YARN nodemanager module. The fix is purely incidental cleanup in an unrelated utility class that the NVDIMM feature never needed to touch."
HDFS-16947,Improvement,False,high,False,False,1,1,0,True,"The JIRA improvement targets NamenodeHeartbeatService.java (changing IOException logging from INFO to ERROR with full stacktrace), but the single SonarQube fix is in ContainerMetrics.java (a YARN NodeManager file completely unrelated to RBF router logic). There is zero spatial overlap between the feature locus and the fixed TD issue. The SonarQube fix (replacing Map.get() + condition with Map.computeIfAbsent()) is a cosmetic cleanup in an entirely different subsystem, making it purely incidental cleanup committed alongside the feature work."
HDFS-16091,Improvement,False,high,True,False,14,1,5,True,"The single fixed SonarQube issue (java:S1118 - missing private constructor in DFSUtilClient.java) is in a utility class that was touched by the feature work (new methods like getSnapshotDiffReport and byteArray2String were added to it), but the private constructor fix is a purely cosmetic/structural hygiene fix unrelated to the WebHDFS getSnapshotDiffReportListing feature. The feature's core work spans WebHdfsFileSystem.java, NamenodeWebHdfsMethods.java, JsonUtil.java, JsonUtilClient.java, and new parameter classes, but the TD fix addresses the class-level constructor visibility which is independent of snapshot diff listing functionality. The structural refactoring (Extract/Move Method from DistributedFileSystem to DFSUtilClient) explains why DFSUtilClient.java was touched, but the S1118 fix is an opportunistic cleanup rather than a necessary byproduct of that refactoring."
HDFS-17009,Improvement,False,high,True,True,11,4,5,True,"The JIRA feature required changing the return type of putAll() from boolean to StateStoreOperationResult across StateStoreFileBaseImpl.java, StateStoreMySQLImpl.java, and StateStoreZooKeeperImpl.java. The two S3776 cognitive complexity fixes and the S6213 variable rename fix in StateStoreFileBaseImpl.java and StateStoreMySQLImpl.java are in the exact methods (putAll and writeRecordToFile) that were restructured to implement the feature — the complexity was retained (not reduced) as shown by the new issues being added at the same lines with the same scores, indicating SonarQube re-detected them at new line numbers after the diff. The one truly incidental fix is S3824 in ContainerMetrics.java (a YARN file completely unrelated to the RBF state store feature). The SonarQube delta shows the S3776 and S6213 issues were fixed and re-added in the same files, meaning the baseline issues were simply moved/re-detected rather than resolved, confirming the structural TD changes are a direct byproduct of modifying those methods for the feature."
HDFS-16582,New Feature,False,high,True,True,45,3,1,True,"All three fixed SonarQube issues are in SlowPeerTracker.java, which is the core file modified to implement HDFS-16582 (exposing aggregate latency of slow nodes). The two java:S1124 modifier-reorder fixes and the java:S1604 anonymous-class-to-lambda fix in SlowPeerTracker.java are direct byproducts of the feature work: the anonymous inner class Comparator in getJsonReports() was converted to a lambda (confirmed by RefactoringMiner's 'Replace Anonymous With Lambda' detection and the diff showing the PriorityQueue comparator change), and the class restructuring during the feature implementation naturally resolved the modifier ordering issues. The test changes in TestSlowPeerTracker.java and TestSlowDatanodeReport.java explicitly cover the same refactored code paths, strongly confirming the causal link."
HDFS-17242,Improvement,False,high,False,False,4,1,0,True,"The single SonarQube issue fixed (java:S3824, Map.computeIfAbsent replacement) is in ContainerMetrics.java, a NodeManager file completely unrelated to the HDFS congestion backoff feature work. The feature's core changes are confined to DataStreamer.java and HdfsClientConfigKeys.java, making this a clear spatial mismatch. The ContainerMetrics.java fix is incidental cleanup with no logical connection to making congestion backoff time configurable."
HDFS-15934,Improvement,False,high,False,False,2,3,1,True,"The feature work is squarely focused on DirectoryScanner.java (making batch size and interval configurable) and DFSConfigKeys.java. The one SonarQube issue fixed in DirectoryScanner.java (java:S2276 Thread.sleep → wait) was already present as a pre-existing issue and appears as both fixed AND re-added as a new issue at line 476, meaning the net change in DirectoryScanner is zero — the sleep call was simply moved/retained, not eliminated. The two remaining fixed issues (java:S3824) are in entirely unrelated files: FileSystemTimelineWriter.java and ContainerMetrics.java in the YARN project, which the feature never touched, making them purely incidental cleanup committed alongside the feature work."
HDFS-17478,Improvement,False,high,True,True,3,1,2,True,"The single fixed SonarQube issue (java:S1874, 'Remove this use of deprecated checkPermission') is in FSPermissionChecker.java, which is the exact file and core locus of the JIRA improvement. The fix occurred because the refactoring renamed getAccessControlEnforcer() to initAccessControlEnforcer() and stored the result as a field, restructuring how the enforcer is obtained; this restructuring naturally caused the old deprecated call pattern to be replaced, resolving the S1874 violation as a direct byproduct of the feature implementation. The new S1874 issue added at line 398 shows the deprecated checkPermission method call still exists in the code but at a different location, confirming the TD fix was a side effect of the structural refactoring rather than deliberate cleanup."
HDFS-16076,Improvement,False,high,True,False,26,2,4,True,"Both fixed SonarQube issues are in files that are core to the feature: DFSUtil.java had a nested ternary (S3358) in the ServiceAndStaleComparator.compare() method which was restructured to StaleAndSlowComparator to add slow-node sorting logic, and DatanodeManager.java had an S2696 issue on the slowNodesSet field which was renamed/refactored to slowNodesUuidSet as a direct part of the feature work. However, the new issues added (2x S3358 in DFSUtil.java, 1x S2696 in DatanodeManager.java, 1x S3824 in unrelated ContainerMetrics.java) indicate the old issues were merely replaced/relocated rather than cleanly resolved — the net TD change is incidental to feature correctness but spatially and causally tied to the same methods being modified for the feature."
HDFS-16266,Improvement,False,high,False,False,1,2,1,True,"The S1128 fix in AuditLogger.java (removal of unused 'java.security.Principal' import) is causally related: the file was directly modified as part of the HDFS audit log feature work, and the import reorganization that removed the unused Principal import occurred as a natural byproduct of editing this file. The S3824 fix in ContainerMetrics.java (Map.computeIfAbsent) is in a YARN NodeManager file that has no logical connection to the HDFS audit log remote port feature, making it clearly incidental cleanup committed alongside the feature work. The dominant causal fix (1 of 2) is in AuditLogger.java which is a core file in the feature scope, while the incidental fix is in an unrelated YARN file."
HDFS-16964,Improvement,False,medium,True,True,1,2,3,True,"The fixed java:S3776 cognitive complexity issue in BlockManager.java is causally related to the feature: the original processExtraRedundancyBlock method was split into processExtraRedundancyBlock and processExtraRedundancyBlockWithoutPostpone via Extract Method refactoring, which was a necessary structural change to implement the new bypass-stale-replicas logic. The old single method had complexity 16 (just over the threshold of 15), and the split reduced it below threshold in the baseline — though new code added complexity back above 15 (a new issue was added at line 4036). The fixed java:S3824 issue in ContainerMetrics.java is incidental — that file has no connection to the HDFS block management feature being implemented."
HDFS-15720,Improvement,False,high,False,False,1,1,1,True,"The fixed SonarQube issue (java:S3824 in ContainerMetrics.java) is in a YARN NodeManager file that has no connection to the HDFS NameNode audit logging feature implemented in FSNamesystem.java and DFSConfigKeys.java. The feature work exclusively touched HDFS namenode files to add async audit log configuration (blocking and buffer size), while the TD fix occurred in a completely unrelated YARN component. This is classic incidental cleanup — the Map.computeIfAbsent() fix in ContainerMetrics.java has no logical relationship to adding log4j AsyncAppender configuration parameters for the NameNode audit log."
HDFS-16397,New Feature,False,high,False,False,23,692,14,True,"The 692 fixed SonarQube issues are almost entirely java:S6355 (@Deprecated annotation improvements) spread across unrelated files like OBSConstants.java, FileSystem.java, ContentSummary.java, etc. — none of which are touched by the slow disk reconfiguration feature. The feature work is concentrated in DataNode.java, BPServiceActor.java, DNConf.java, DataNodeDiskMetrics.java, and ProfilingFileIoEvents.java; the only new SonarQube issues are in DataNode.java (java:S3077 volatile field, java:S3776 cognitive complexity) and unrelated YARN files, introduced rather than fixed. The massive TD reduction (692 issues) is clearly a bulk annotation cleanup committed alongside the feature with no logical connection to making slow disk parameters reconfigurable."
HDFS-15842,Improvement,False,high,False,False,2,1,0,True,"The single fixed SonarQube issue (java:S3824, Map.computeIfAbsent) is in ContainerMetrics.java under hadoop-yarn-server-nodemanager, which is entirely unrelated to the HDFS Mover metrics feature. The feature work is localized to hadoop-hdfs files (Mover.java, MoverMetrics.java, NameNodeConnector.java, Dispatcher.java), none of which appear in the SonarQube delta. The ContainerMetrics.java fix has no logical connection to adding metrics emission to HDFS Mover and was clearly incidental cleanup committed alongside the feature work."
HDFS-16396,New Feature,False,high,False,False,20,693,16,True,"The 20 fixed SonarQube issues are all java:S6355 (@Deprecated annotation) violations in files entirely unrelated to the feature scope — OBSConstants.java, KerberosUtil.java, Configuration.java, FileSystem.java, etc. — none of which were touched by the HDFS-16396 changes that focused on DataNode.java, DNConf.java, DataNodePeerMetrics.java, OutlierDetector.java, and related datanode reconfiguration code. The new SonarQube issues introduced (java:S3776 cognitive complexity in DataNode.java:733, java:S1192 literal duplication in DataNode.java and DataNodePeerMetrics.java) are directly in the feature's core files, confirming the feature work did not incidentally fix TD in those files but rather added new TD. The fixed issues in unrelated files were clearly incidental cleanup committed alongside the feature work."
HDFS-16241,Improvement,False,high,False,False,2,1,0,True,"The single fixed SonarQube issue (Map.computeIfAbsent in ContainerMetrics.java) is in a YARN NodeManager file completely unrelated to the HDFS feature work, which is entirely focused on BlockManager.java and FSNamesystem.java. The feature diff only touches BlockManager.java (making stopReconstructionInitializer public) and FSNamesystem.java (calling it in stopActiveServices), neither of which overlaps with the fixed SonarQube file. The TD fix is purely incidental cleanup in an unrelated component committed alongside the feature work."
HDFS-15463,New Feature,False,high,True,False,4,1,26,True,"The single fixed SonarQube issue (java:S3824 Map.computeIfAbsent in FileSystemTimelineWriter.java) is in a hadoop-yarn file completely unrelated to the HDFS FsImage validation feature being implemented. The feature work is entirely focused on new files INodeReferenceValidation.java and FsImageValidation.java, plus modifications to INodeReference.java, INode.java, FSNamesystem.java, and EditLogInputStream.java. The fixed TD issue has no spatial overlap with any of these files and cannot be a byproduct of implementing the fsimage validation tool; it is purely incidental cleanup committed alongside the feature work."
HDFS-16967,Improvement,False,high,True,True,25,4,5,True,"Three of the four fixed SonarQube issues are in StateStoreFileBaseImpl.java, which is the core locus of the concurrent access feature. The diamond operator fix (S2293) was a byproduct of rewriting 'new QueryResult<T>()' to 'new QueryResult<>()', the variable rename (S6213) came from refactoring the 'ret' list to 'result', and the inline variable fix (S1488) arose from extracting the getRecord() helper where the temporary 'record' variable was eliminated — all natural consequences of restructuring the get() method to support concurrent callable execution. The one incidental fix is S3824 in ContainerMetrics.java, which is completely unrelated to the RBF file state store feature. The new SonarQube issues added (S2142, S112) confirm that the concurrent execution code in StateStoreFileBaseImpl.java was the primary change target, further validating causal connection for the fixed issues in that file."
HDFS-16848,Improvement,False,high,True,True,14,3,5,True,"All 3 fixed SonarQube issues are in StateStoreZooKeeperImpl.java, which is the exact file restructured to implement the JIRA feature (adding threadpool-based concurrent ZK state sync). The S1141 'nested try block' fix was a direct byproduct of extracting the nested try logic into the new getRecord() method (confirmed by RefactoringMiner's 'Extract Method' detection), and the two S6213 'restricted identifier' renames were resolved as variables were refactored/renamed during the structural rewrite of the get() and putAll() methods. These TD fixes are causally linked to the feature implementation, not incidental cleanup in unrelated code."
HDFS-15931,Improvement,False,high,True,False,9,2,0,True,"The JIRA issue is specifically about converting non-static inner classes to static classes to prevent memory leaks, and the diff confirms this structural change across multiple files. However, the two SonarQube issues fixed are: (1) java:S1197 in DebugAdmin.java — moving array designators from variable to type (cosmetic style fix), and (2) java:S3824 in ContainerMetrics.java — replacing Map.get() with Map.computeIfAbsent() (a completely different file not touched by the inner class changes). While DebugAdmin.java was touched as part of the static inner class conversion, the S1197 fix (array designator placement on `DEBUG_COMMANDS[]`) is a purely cosmetic change unrelated to the static modifier addition, and the S3824 fix in ContainerMetrics.java has no connection to the feature work at all. Both fixes are incidental cleanup bundled with the commit rather than causal byproducts of the inner-class-to-static conversion."
HDFS-16007,Improvement,False,high,False,False,1,1,1,True,"The JIRA issue and its diff are entirely focused on HdfsServerConstants.java (ReplicaState enum) and TestJspHelper.java in the HDFS project, adding bounds validation to getState() and read() methods. The single fixed SonarQube issue is a Map.computeIfAbsent() suggestion in FileSystemTimelineWriter.java (YARN project), which has zero spatial or logical overlap with the ReplicaState deserialization fix. The new SonarQube issue introduced is similarly in an unrelated YARN file (ContainerMetrics.java). The TD fix and introduction are purely incidental noise in a completely different module, with no connection to the feature work."
HDFS-17361,Improvement,False,high,True,False,3,2,3,True,"Both fixed SonarQube issues are java:S106 (System.out usage) in QueryCommand.java, which is the exact file and method restructured to implement the multi-node query feature. The diff shows that the old System.out.printf calls were replaced with a PrintStream-based approach (getPrintStream().println(result)) as a direct consequence of refactoring the execute() method to support multiple nodes and accept a PrintStream parameter — this is a natural byproduct of the structural change needed to implement the feature. The new constructor QueryCommand(Configuration conf, PrintStream ps) and the loop-based multi-node logic necessitated moving away from direct System.out calls, which incidentally resolved the SonarQube violations. The test changes also target the same QueryCommand logic, reinforcing the causal link."
HDFS-16581,Improvement,False,high,True,True,8,3,3,True,"All three fixed SonarQube issues (java:S2293 - diamond operator) are in DFSAdmin.java's printTopology() method, which is the exact locus of the JIRA improvement. The diff shows the method was restructured to change from HashMap<String, TreeSet<String>>() and ArrayList<String>() to HashMap<>() and ArrayList<>() with diamond operators as a direct consequence of rewriting the data structure from TreeSet to HashMap to store node state alongside node names. The diamond operator fixes are a natural byproduct of the method rewrite needed to implement the feature (printing node decommission/maintenance status), not deliberate TD cleanup in unrelated code. The new test testPrintTopologyWithStatus() directly validates the same modified code path where TD was fixed."
HDFS-16262,Improvement,False,high,True,False,21,694,16,True,"The 20 fixed SonarQube issues are all java:S6355 (@Deprecated annotation missing 'since'/'forRemoval') spread across unrelated files like OBSConstants.java, Configuration.java, FileSystem.java, ContentSummary.java, etc. — none of which are in the core feature scope files (DFSInputStream.java, LocatedBlocksRefresher.java, ClientContext.java, DFSClient.java, DfsClientConf.java). The new issues introduced (in LocatedBlocksRefresher.java and ClientContext.java) are actually in the feature scope, confirming the feature work did not fix TD in those files. The structural refactoring (Extract Method, Pull Up Method in DFSInputStream) is real and significant, but it did not resolve any of the tracked SonarQube issues — the fixed issues are purely cosmetic annotation cleanups in completely unrelated utility and filesystem classes that the HDFS-16262 feature never needed to touch."
HDFS-17719,Improvement,False,high,True,False,129,1,0,True,"The JIRA issue is exclusively about upgrading JUnit 4 to JUnit 5 in hadoop-hdfs-httpfs, and all code changes are confined to test files in that module (replacing @RunWith, @Before/@After, Assert.* imports, etc.). The single SonarQube fix is in ContainerMetrics.java in hadoop-yarn-server-nodemanager — a completely unrelated production file in a different project that was never touched by the JUnit upgrade work. This is purely incidental cleanup with zero spatial overlap with the feature scope."
HDFS-17332,Improvement,False,high,True,True,10,5,5,True,"The JIRA improvement directly targeted DFSInputStream.java to restructure exception logging logic in actualGetFromOneDataNode(), readBuffer(), fetchBlockByteRange(), and hedgedFetchBlockByteRange() — the exact same methods where SonarQube fixed issues S1192 (duplicate literal ' from '), S1172 (unused parameters 'block' and 'hedgedReadId' removed as part of the signature refactoring), S5803 (DFSClientFaultInjector usage moved), and S3776 (cognitive complexity reduction from method restructuring). The removal of 'hedgedReadId' parameter and 'block' parameter from getFromOneDataNode() is a direct consequence of refactoring those method signatures to pass exceptionMap instead, naturally eliminating the unused parameter TD. The S3776 complexity fix is a byproduct of splitting and reorganizing the exception-handling logic. Only the S3824 fix in ContainerMetrics.java (YARN) is spatially outside the feature scope and is incidental."
HDFS-17282,Improvement,False,high,False,False,3,2,0,True,"The two SonarQube issues fixed (java:S3824 in FileSystemTimelineWriter.java and ContainerMetrics.java) are in hadoop-yarn-project files completely unrelated to the HDFS datanode SlowIoWarningThreshold reconfiguration feature. The feature work is entirely confined to DNConf.java, DataNode.java, TestDataNodeReconfiguration.java, and TestDFSAdmin.java in the hadoop-hdfs-project. The yarn files containing the Map.computeIfAbsent() fixes were never touched by the feature changes, making both TD fixes clearly incidental cleanup committed alongside the feature work."
HDFS-16327,Improvement,False,high,False,False,4,1,1,True,"The single fixed SonarQube issue (java:S3824 in ContainerMetrics.java) is in a YARN NodeManager file completely unrelated to the HDFS NameNode slow peer reconfiguration feature. The feature work is entirely within DatanodeManager.java, NameNode.java, and their test files. The fixed TD issue was replaced by a new identical issue in FileSystemTimelineWriter.java, both in YARN components that the feature never touched, confirming purely incidental cleanup with no spatial or logical overlap with the JIRA improvement."
HDFS-15711,New Feature,False,high,True,True,1,1,12,True,"The single fixed SonarQube issue (java:S1118 - missing private constructor in FSOperations.java) was directly caused by the feature work: to implement metrics, the developers restructured FSOperations into a utility class with static methods (setBufferSize, copyBytes), which required adding the 'final' modifier and a private constructor — the exact change that resolves S1118. The diff shows the class was explicitly made 'final' and a private constructor added as part of refactoring FSOperations to support the new metrics infrastructure (HttpFSServerWebApp.get().getMetrics() calls). The new S2209 issues introduced confirm the class was restructured toward static usage patterns, which is precisely the architectural change needed for the metrics feature."
HDFS-17408,Improvement,False,high,True,False,7,3,1,True,"All three fixed SonarQube issues are in files unrelated to the JIRA feature scope: FSDirMkdirOp.java (S5803 about @VisibleForTesting usage), FileSystemTimelineWriter.java (S3824 Map.computeIfAbsent), and ContainerMetrics.java (S3824 Map.computeIfAbsent). The YARN files (FileSystemTimelineWriter.java, ContainerMetrics.java) are completely outside the HDFS rename/quota optimization work. The FSDirMkdirOp.java fix is cosmetic — it was resolved as a side effect of addLastINode's signature change (adding Optional parameter), but a new identical issue was simultaneously introduced at line 226, indicating no net improvement. The core feature work in FSDirRenameOp.java, FSDirectory.java involved substantial structural refactoring (returning QuotaCounts from verifyQuotaForRename, passing them through RenameOperation) but this did not causally fix any of the three SonarQube issues listed."
HDFS-17711,Improvement,False,high,False,False,1,1,0,True,"The single SonarQube fix is in hadoop-yarn-project/hadoop-yarn/hadoop-yarn-common/src/main/java/org/apache/hadoop/yarn/client/api/impl/FileSystemTimelineWriter.java (a Map.computeIfAbsent() cosmetic fix), which is entirely unrelated to the feature work. The feature work exclusively touches FSImageFormatPBINode.java in the HDFS namenode, where a shared Counter is passed to loadINodesInSection() to enable continuous progress reporting. There is zero spatial or logical overlap between the fixed SonarQube issue and the JIRA improvement, making this a clear case of incidental cleanup committed alongside the feature work."
HDFS-17718,Improvement,False,high,False,False,36,1,0,True,"The JIRA issue is about upgrading JUnit 4 to JUnit 5 in hadoop-hdfs-client, and all code changes are confined to test files in that module (annotation swaps, assertion method reordering). The single SonarQube TD fix is in ContainerMetrics.java in hadoop-yarn-server-nodemanager — a completely different module that is not touched anywhere in the diff. This is purely incidental cleanup with zero spatial overlap with the feature scope."
HDFS-17696,Improvement,False,high,True,True,3,6,4,True,"The JIRA improvement optimized the isBlockReplicatedOk method by extracting the reconstruction logic into a new addReconstructionBlockIfNeeded method in DatanodeAdminMonitorBase.java (Extract And Move Method refactoring), which directly caused the cognitive complexity reduction (S3776) in DatanodeAdminBackoffMonitor.java and eliminated the nested if statements (S1066) and Boolean unboxing issue (S5411) in both DatanodeAdminBackoffMonitor.java and DatanodeAdminDefaultMonitor.java. The S5803 issues regarding pendingReconstruction access were also fixed as a direct consequence of moving that code to the base class method. All 6 fixed issues are in the exact files touched by the feature work (DatanodeAdminBackoffMonitor.java and DatanodeAdminDefaultMonitor.java), and the fixes are natural byproducts of the method extraction refactoring rather than deliberate independent cleanup."
HDFS-17853,Improvement,False,high,False,False,4,1,2,True,"The single fixed SonarQube issue (java:S3824 in ContainerMetrics.java) is in a YARN NodeManager file completely unrelated to the HDFS NameNode feature work. The feature's core changes are confined to FSDirectory.java and NameNode.java (HDFS namenode package), while the fixed TD is in hadoop-yarn-server-nodemanager. The new SonarQube issues introduced (java:S1192 in NameNode.java and java:S3824 in FileSystemTimelineWriter.java) further confirm that the feature work did not reduce TD in its own files. The fixed TD issue in ContainerMetrics.java is purely incidental cleanup with no logical connection to making dfs.namenode.fs-limits.max-directory-items reconfigurable."
HDFS-17272,Improvement,False,high,False,False,9,1,0,True,"The single SonarQube fix (java:S3824, Map.computeIfAbsent suggestion) is in FileSystemTimelineWriter.java under hadoop-yarn-project, which is completely outside the feature scope. The feature work is entirely confined to NNThroughputBenchmark.java and TestNNThroughputBenchmark.java in hadoop-hdfs-project. The diff shows no changes to FileSystemTimelineWriter.java, confirming the TD fix is incidental cleanup committed alongside the feature work with no logical connection to the baseDirName support being added."
HDFS-16553,Improvement,False,medium,True,False,6,2,1,True,"The JIRA issue explicitly targets refactoring BlockManager.java's constructor method, and the diff shows the constructor was restructured via Extract Method refactoring — directly touching BlockManager.java. The S5803 issue fixed (createDefaultSuite usage) is in BlockManager.java and was present in the baseline but a new instance at line 517 was introduced, suggesting the net effect is neutral or slightly worsening, making this more of a code shuffle than a true fix. The S3824 issue fixed in ContainerMetrics.java is entirely outside the feature scope (BlockManager refactoring) and represents incidental cleanup with no logical connection to the JIRA work."
HDFS-15608,Improvement,False,high,False,False,1,1,0,True,"The JIRA issue HDFS-15608 explicitly requests renaming the local variable CLEANUP to cleanup in DistCp.java's main() method to comply with Java naming conventions. The single SonarQube issue fixed (java:S117 in DistCp.java) is precisely the naming violation that the JIRA was created to resolve — renaming 'CLEANUP' to 'cleanup'. The diff shows exactly this change with no other modifications, making the TD fix identical to the feature/improvement work itself. This is a direct causal relationship where the JIRA improvement IS the TD fix."
HDFS-16603,Improvement,False,medium,True,True,4,2,1,True,"The S1193 issue (instanceof operator replacement) in DatanodeHttpServer.java is causally related: the diff shows the `getChannelLocalAddress` method was extracted precisely to eliminate duplicated try/catch blocks containing instanceof checks, which is a direct byproduct of the structural refactoring done to modernize the Netty API usage. The S3824 issue in FileSystemTimelineWriter.java (Map.computeIfAbsent) is incidental — that file has no connection to the DatanodeHttpServer netty modernization described in the JIRA, making it a cleanup opportunistically committed alongside the feature work. The test changes in TestAbandonBlock.java (Javadoc comment style) are unrelated to the TD fixes."
HDFS-17721,Improvement,False,high,False,False,5,1,2,True,"The single fixed SonarQube issue (java:S7158 - use isEmpty() instead of length()==0) is in MountTableRefresherService.java, which is the core locus of the feature work for HDFS-17721. The diff shows the feature directly modified the refresh() method in that exact file to add IP-based addressing logic, and the isEmpty() fix appears in the same method at line 225 alongside the feature changes. This is a causal byproduct: the developer touched that code block to implement the feature and cleaned up the string-empty check as part of the same edit, making it a natural side effect of the feature work rather than unrelated incidental cleanup."
HDFS-17331,Improvement,False,high,False,False,2,1,0,True,"The single SonarQube fix is in ContainerMetrics.java (hadoop-yarn nodemanager), which is completely unrelated to the JIRA issue about fixing block counts and DataNode versions in federationhealth.html. The feature work is entirely confined to HDFS files: DatanodeInfo.java, PBHelperClient.java, NamenodeBeanMetrics.java, and RouterClientProtocol.java. The Map.computeIfAbsent() replacement in ContainerMetrics.java is purely incidental cleanup with no logical connection to the federation health metrics fix."
HDFS-17539,Improvement,False,high,True,False,41,1,0,True,"The JIRA work (HDFS-17539) is entirely focused on TestFileChecksum.java — converting per-test @Before/@After to @Parameterized.BeforeParam/@AfterParam and making fields static so the MiniDFSCluster is spun up only once per parameter set rather than once per test. The single fixed SonarQube issue is in ContainerMetrics.java (hadoop-yarn-server-nodemanager), a completely unrelated file that is not touched anywhere in the diff. This is a textbook incidental fix with zero spatial overlap with the feature work."
HDFS-15754,Improvement,False,high,False,False,3,4,4,True,"Three of the four fixed SonarQube issues (java:S1192 for 'ms (threshold=', ', blockId=', and ', seqno=') are in BlockReceiver.java, which is the core file modified by the feature. These string-literal duplication warnings were resolved as a direct byproduct of refactoring the log statements from string concatenation to SLF4J parameterized logging (e.g., '{}ms (threshold={}ms)') while adding the new slow-packet metrics — the feature work naturally restructured those exact log lines. The one incidental fix is java:S3824 in FileSystemTimelineWriter.java, a YARN file completely unrelated to the DataNode packet metrics feature."
HDFS-16175,Improvement,False,high,True,False,3,1,1,True,"The single fixed SonarQube issue (java:S1124 - modifier reordering) is in Server.java, which is the primary file modified for this feature. The diff shows that the static field 'private final static long PURGE_INTERVAL_NANOS' was removed and replaced with an instance field 'private long purgeIntervalNanos', and RefactoringMiner confirms 'Remove Attribute Modifier' and 'Rename Attribute' operations — the modifier reordering violation was naturally resolved as a byproduct of restructuring this constant into a configurable instance variable. The fix is causally linked to the feature work since the field itself was being transformed to support the configurable purge interval functionality described in the JIRA."
HDFS-16163,Improvement,False,high,True,False,6,3,0,True,"The JIRA improvement is scoped entirely to Dispatcher.java, specifically the addBlockPinningFailures method and the blockPinningFailures map concurrency change. However, none of the three SonarQube S3824 issues (Map.get() + condition → computeIfAbsent()) were fixed in Dispatcher.java; they were fixed in FileSystemTimelineWriter.java and ContainerMetrics.java, which are completely unrelated YARN files never touched by the feature work. The Dispatcher.java change itself used compute() rather than computeIfAbsent() (appropriate given the logic), and no SonarQube issue was credited to Dispatcher.java. All three fixed TD issues are therefore incidental cleanup in files outside the feature scope."
HDFS-15745,Improvement,False,high,True,False,4,2,0,True,"The JIRA feature work is entirely confined to DFSConfigKeys.java and DataNodePeerMetrics.java (making LOW_THRESHOLD_MS and MIN_OUTLIER_DETECTION_NODES configurable). Both fixed SonarQube issues (java:S3824 Map.computeIfAbsent) are in completely unrelated YARN files: FileSystemTimelineWriter.java and ContainerMetrics.java, which were never touched by the feature diff. These are clearly incidental cleanups committed alongside the feature work with zero spatial or logical overlap to the HDFS DataNode peer metrics improvement."
HDFS-17683,Improvement,False,high,False,False,1,1457,1,True,"The JIRA feature scope is narrowly confined to DataSetLockManager.java, DataNodeMetrics.java, and DataNode.java — adding metrics for dataset read/write lock acquisition. All 20 fixed SonarQube issues are in completely unrelated files (hadoop-cos, hadoop-huaweicloud, hadoop-auth, hadoop-annotations, hadoop-common Configuration.java) covering cosmetic instanceof pattern upgrades (S6201) and switch case merging (S6208), none of which are in files touched by the feature diff. The one new issue added (S3824 in ContainerMetrics.java) is also unrelated to the feature scope. This is a large batch of incidental cosmetic cleanup across the codebase that happened to be committed alongside the metrics feature work."
HDFS-17342,Improvement,False,high,False,False,2,1,3,True,"The single fixed SonarQube issue (java:S3824 in ContainerMetrics.java) is in a YARN NodeManager file that has no connection to the HDFS DataNode block-invalidation fix described in JIRA HDFS-17342. The feature work is entirely scoped to FsDatasetImpl.java and DataNodeFaultInjector.java in the HDFS project. The fixed TD issue is in a completely unrelated YARN file (ContainerMetrics.java), making it clearly incidental cleanup with no spatial or logical overlap with the feature changes."
HDFS-16774,Improvement,False,high,True,False,1,1,4,True,"The single fixed SonarQube issue (java:S3824 in ContainerMetrics.java, a YARN NodeManager file) is entirely outside the feature scope, which centers on FsDatasetImpl.java, FsDatasetAsyncDiskService.java, and DataNodeFaultInjector.java in the HDFS datanode. The ContainerMetrics.java change has no logical connection to the async replica deletion improvement described in HDFS-16774. Meanwhile, the new SonarQube issues introduced are in the HDFS files actually modified by the feature (FsDatasetAsyncDiskService.java, FsDatasetImpl.java, DataNodeFaultInjector.java), confirming those files were the locus of feature work, yet the one fixed issue is in an unrelated YARN file. This is classic incidental cleanup committed alongside feature work."
HDFS-16888,Improvement,False,high,True,False,11,1,1,True,"The single fixed SonarQube issue (java:S3824 in FileSystemTimelineWriter.java) is in a YARN file completely unrelated to the JIRA's focus on BlockManager and PendingReconstructionBlocks volatile field declarations in HDFS. The core feature work touched BlockManager.java and PendingReconstructionBlocks.java to add volatile modifiers and accessor methods, while the SonarQube fix appeared in hadoop-yarn-common's FileSystemTimelineWriter.java with a corresponding new issue introduced in ContainerMetrics.java — a net-zero change in a wholly different subsystem. This is clearly incidental cleanup with no logical connection to the thread-safety improvement described in the JIRA."
HDFS-15826,Improvement,False,high,False,False,2,1,0,True,"The single SonarQube fix (java:S3824, Map.computeIfAbsent() suggestion) is in FileSystemTimelineWriter.java, a YARN timeline writer class that has absolutely no connection to the JIRA issue about fixing incorrect progress display when loading FsImage delegation tokens. The core feature work touched DelegationTokenSecretManager.java, FSImageFormatProtobuf.java, and FSNamesystem.java — none of which overlap with the fixed SonarQube issue. This is purely incidental cleanup committed alongside the feature work."
HDFS-11273,Improvement,True,high,True,True,33,22,17,True,"The JIRA explicitly describes moving TransferFsImage#doGetUrl and receiveFile to Util.java, which is exactly what the diff implements. The vast majority of fixed SonarQube issues in TransferFsImage.java (S1124 modifier order, S115 constant naming, S2147 merge catch, S1130 thrown exception, S107 too many params, S3776 cognitive complexity, S2293 diamond operator, S4201 null check, S1905 unnecessary cast, S3457 format specifiers, S1163/S1143 throw in finally, S4042 file delete) were resolved as a direct byproduct of the method being moved out of TransferFsImage into Util.java — the large complex method was extracted and restructured, naturally dropping complexity (S3776 cognitive complexity 46→removed, S107 too-many-params removed from TransferFsImage). The new issues added in Util.java are largely the same patterns reappearing in the new location, confirming the TD was transferred rather than independently fixed. A small number of issues (e.g., S1130 in HttpPutFailedException.java) are in newly created helper classes that are part of the core refactoring scope."
HDFS-17063,New Feature,False,high,True,False,6,1,1,True,"The fixed SonarQube issue (java:S3824 Map.get()+condition → computeIfAbsent) is in FileSystemTimelineWriter.java under hadoop-yarn-project, which has zero overlap with the feature work concentrated in ReservedSpaceCalculator.java and FsVolumeImpl.java under hadoop-hdfs-project. The new SonarQube issue was introduced in ContainerMetrics.java, also a YARN file unrelated to the HDFS DataNode disk reservation feature. The entire code diff touches only HDFS reservation calculator files, confirming the YARN TD fix was purely incidental cleanup committed alongside the feature."
HDFS-16671,Improvement,False,high,False,False,1,1,2,True,"The single fixed SonarQube issue (java:S1172 - unused method parameter 'conf') is in AbstractRouterRpcFairnessPolicyController.java, which is the core file modified for the feature. The fix is causal: the init(Configuration conf) method previously didn't use 'conf' in the abstract base class, but the feature work added conf.getTimeDuration() usage within that very method to read the new configurable timeout, thereby naturally resolving the unused parameter warning as a direct byproduct of implementing the feature. The test changes also directly target this same class and the new timeout functionality."
HDFS-14748,Improvement,False,high,True,False,7,2,1,True,"The JIRA feature work is entirely focused on DataNodePeerMetrics.java, DFSConfigKeys.java, DataNode.java and their tests — none of which overlap with the two fixed SonarQube issues. Both fixed issues (java:S3824 Map.get() → computeIfAbsent()) are in YARN files: FileSystemTimelineWriter.java and ContainerMetrics.java, which are completely unrelated to the HDFS DataNode peer metrics configurable threshold feature. These are purely incidental cosmetic cleanups committed alongside the feature work with no logical or structural connection to making minOutlierDetectionSamples configurable."
HDFS-3246,Improvement,False,high,True,True,4,3,0,True,"The two S1117 issues in CryptoInputStream.java (renaming 'inBuffer'/'outBuffer' to 'localInBuffer'/'localOutBuffer') are directly caused by the feature work: the decrypt() method was restructured to add a new ByteBuffer-based decrypt() overload for the new pread functionality, and the variable renaming was necessary to avoid shadowing the class-level fields in the newly written thread-safe methods. The S3824 issue in ContainerMetrics.java is spatially unrelated to the HDFS pread feature and represents incidental cleanup in a completely different module (YARN nodemanager), with no connection to the ByteBufferPositionedReadable interface or any file the feature touched."
HDFS-15970,New Feature,False,high,True,True,1,1,1,True,"The fixed SonarQube issue (java:S1172 - unused parameter 'conf' in setupServlets) is in NameNodeHttpServer.java, which is directly modified as part of wiring in the new NetworkTopologyServlet. The parameter 'conf' was removed because the new servlet registration code added to setupServlets() did not require it, making the parameter removal a natural byproduct of the feature work rather than incidental cleanup. The RefactoringMiner 'Remove Parameter' detection confirms this structural change was integral to the feature implementation, not a separate cleanup effort."
HDFS-16480,Improvement,False,high,False,False,5,1,0,True,"The JIRA issue HDFS-16480 is purely a typo fix (indicies -> indices) concentrated in ErasureCodingWork.java and a MiniDFSCluster.java comment. The single SonarQube issue fixed is in FileSystemTimelineWriter.java (Map.get() replaced with Map.computeIfAbsent()), a completely unrelated file that was not touched by the typo-fix diff at all — indicating zero spatial overlap. This is clearly incidental cleanup with no logical connection to the feature work."
HDFS-16846,Improvement,False,high,True,True,8,2,6,True,"Both fixed SonarQube issues (java:S5803 in DatanodeManager.java and ErasureCodingWork.java) are in files that are the core locus of the feature work — the feature required restructuring how EC blocks vs. replication blocks are handled in these exact methods. The S5803 fix in DatanodeManager.java removed usage of 'getNumberOfBlocksToBeErasureCoded' which was replaced by the new 'getNumberOfECBlocksToBeReplicated' and updated calls as part of the feature logic; similarly in ErasureCodingWork.java, 'addBlockToBeReplicated' was replaced with the new 'addECBlockToBeReplicated' method introduced specifically for this feature. These fixes are causal byproducts of the structural refactoring — the old @VisibleForTesting method calls were eliminated because the feature introduced new dedicated methods and pathways for EC block replication, naturally resolving the prior violations."
HDFS-16851,Improvement,False,high,False,False,2,4,8,True,"Three of the four fixed SonarQube issues (S1192 for '-safemode', '-nameservice', '-getDisabledNameservices' string literals in RouterAdmin.java) were pre-existing violations that disappeared because the diff added DUMP_COMMAND as a new constant and restructured the command array — a side effect of adding the new -dumpState command to RouterAdmin.java, which is the core feature file. However, these string literal issues were not caused by the feature work; the constant DUMP_COMMAND was introduced for the new command, and the existing literals simply happened to fall below the threshold or were re-evaluated. The fourth fixed issue (S3824 in ContainerMetrics.java) is in a completely unrelated YARN file with no connection to the RBF StateStore dump feature, making it clearly incidental. The net balance is predominantly incidental cleanup alongside feature additions, as the string literal fixes are artifacts of the existing code being re-analyzed rather than structural improvements driven by the feature implementation."
HDFS-16400,New Feature,False,high,False,False,2,651,12,True,"The JIRA feature work is entirely focused on DataNode.java, DataXceiverServer.java, and their test files to make DataXceiver parameters reconfigurable. The 651 fixed SonarQube issues are all java:S6355 '@Deprecated annotation missing since/forRemoval' issues scattered across completely unrelated files (OBSConstants.java, KerberosUtil.java, Configuration.java, FileSystem.java, etc.) that were never touched by the feature diff. The RefactoringMiner detections (Encapsulate Attribute, Add Attribute Modifier) loosely correspond to the 'volatile int maxXceiverCount' change in DataXceiverServer.java, but no SonarQube TD issues were fixed in those feature-scope files. The mass TD reduction of 651 issues is entirely incidental bulk cleanup of @Deprecated annotation warnings in files unrelated to the DataXceiver reconfiguration feature."
HDFS-16702,Improvement,False,high,False,False,1,1,0,True,"The JIRA feature work exclusively touched MiniDFSCluster.java (extracting the exception cause variable and passing it to AssertionError), but the single SonarQube issue fixed is in ContainerMetrics.java — a completely unrelated file in the hadoop-yarn-server-nodemanager module. The Map.computeIfAbsent() replacement in ContainerMetrics.java has no logical connection to the MiniDFSCluster exception-reporting improvement. This is a clear case of incidental cleanup committed alongside the feature work."
HDFS-16585,Improvement,False,high,False,False,3,1,0,True,"The JIRA issue (HDFS-16585) exclusively concerns adding @VisibleForTesting annotations to three methods in Dispatcher.java (PendingMove, markMovedIfGoodBlock, isGoodBlockCandidate), which is confirmed by the diff. The single SonarQube issue fixed is a java:S3824 'Map.computeIfAbsent()' issue in FileSystemTimelineWriter.java (hadoop-yarn-project), a completely different file in a different subproject with no connection to Dispatcher.java or the balancer functionality. There is zero spatial overlap between the feature work and the fixed TD, making this clearly incidental cleanup committed alongside the annotation additions."
HDFS-16389,Improvement,False,high,False,False,1,1,0,True,"The single fixed SonarQube issue (java:S3824, Map.computeIfAbsent suggestion) is located in ContainerMetrics.java under hadoop-yarn-server-nodemanager, which is entirely unrelated to the JIRA feature work. The JIRA improvement focuses on NNThroughputBenchmark.java and FileNameGenerator.java in the HDFS namenode test package — none of the changed files overlap with the SonarQube finding. The diff shows no changes to ContainerMetrics.java, confirming this TD fix is purely incidental cleanup committed alongside the feature work."
HDFS-17117,Improvement,False,high,False,False,2,1,1,True,"The single fixed SonarQube issue (java:S3824 Map.computeIfAbsent in FileSystemTimelineWriter.java) is in a completely unrelated YARN file that was never touched by the HDFS-17117 feature work, which focused on BlockManager.java, FSNamesystem.java, FSNamesystemMBean.java, and NamenodeBeanMetrics.java. There is zero spatial overlap between the fixed TD and the feature scope. Additionally, the new SonarQube issue introduced (java:S3776 cognitive complexity in BlockManager.java line 3842) confirms the feature did touch BlockManager but that change added complexity rather than reducing it, further underscoring the TD fix in FileSystemTimelineWriter.java is purely incidental cleanup unrelated to the logging/metrics improvement described in the JIRA."
HDFS-16974,Improvement,False,high,False,False,1,1,0,True,"The single fixed SonarQube issue (java:S3824, Map.computeIfAbsent replacement) is in FileSystemTimelineWriter.java under hadoop-yarn-project, which is completely unrelated to the HDFS block placement feature being implemented. The feature work touches HDFS files like BlockPlacementPolicyDefault.java, DatanodeDescriptor.java, DatanodeManager.java, etc. — none of which overlap with the fixed file. The RefactoringMiner detection (Remove Method Modifier) in BaseReplicationPolicyTest.java is part of the feature's test infrastructure change (making updateHeartbeatWithUsage non-static to use dnManager), not related to the SonarQube fix. This is clearly incidental cleanup in an unrelated YARN utility class."
HDFS-14617,Improvement,False,high,True,False,5,1,14,True,"The single fixed SonarQube issue (java:S3824 in ContainerMetrics.java, a YARN nodemanager file) has zero spatial overlap with the feature work, which is entirely focused on FSImageFormatPBINode.java, FSImageFormatProtobuf.java, and related HDFS namenode fsimage loading code. The ContainerMetrics.java fix is a Map.computeIfAbsent() cosmetic cleanup in a completely unrelated YARN component, making it purely incidental cleanup committed alongside the feature. Meanwhile, the feature work introduced 14 new SonarQube issues in the HDFS fsimage files, further confirming the TD fix and the feature work are in separate, unrelated codebases."
HDFS-16663,Improvement,False,high,False,False,1,1,0,True,"The single fixed SonarQube issue (java:S3824, Map.computeIfAbsent replacement) is in hadoop-yarn-project/hadoop-yarn/hadoop-yarn-common/.../FileSystemTimelineWriter.java, which is completely unrelated to the feature work. The JIRA and diff are entirely focused on HDFS namenode files (BlockManager.java, PendingReconstructionBlocks.java, NameNode.java) to make dfs.namenode.reconstruction.pending.timeout-sec dynamically reconfigurable. The YARN FileSystemTimelineWriter file was not touched by the feature diff at all, confirming this is purely incidental cleanup committed alongside the feature work."
HDFS-17243,Improvement,False,high,False,False,9,1,0,True,"The single SonarQube fix (java:S3824, Map.computeIfAbsent replacement) is in FileSystemTimelineWriter.java under hadoop-yarn-project, which is completely unrelated to the HDFS getBlocks/NamenodeProtocol feature work. The feature diff touches only HDFS files (NamenodeProtocol.java, BlockManager.java, Dispatcher.java, NameNodeRpcServer.java, etc.) and the YARN file was never part of the feature scope. This is a classic incidental cleanup committed alongside the feature work with zero spatial overlap."
HDFS-16082,Improvement,False,high,True,True,4,2,1,True,"Both fixed SonarQube issues (java:S3078) are in Balancer.java and directly flag the exact two fields — exceptionsSinceLastBalance and failedTimesSinceLastSuccessfulBalance — that the JIRA explicitly targets for conversion to AtomicInteger. The diff shows these volatile int fields were replaced with AtomicInteger constants (EXCEPTIONS_SINCE_LAST_BALANCE and FAILED_TIMES_SINCE_LAST_SUCCESSFUL_BALANCE), which is precisely the feature work described in HDFS-16082. The SonarQube TD fix is therefore a direct and necessary consequence of implementing the improvement, not incidental cleanup."
HDFS-16085,Improvement,False,high,False,False,1,1,0,True,"The JIRA issue targets NamenodeFsck.java to move getPermissionChecker() outside the read lock, and the diff confirms this change is confined to that file. The single SonarQube issue fixed is in ContainerMetrics.java (a YARN NodeManager file), which has no spatial or logical overlap with the HDFS namenode fsck change. The Map.computeIfAbsent() replacement in ContainerMetrics.java is entirely unrelated to the locking refactoring in NamenodeFsck.java, making this a clear case of incidental cleanup committed alongside the feature work."
HDFS-14522,Improvement,False,high,True,True,2,4,2,True,"The JIRA improvement required supporting compact property format in httpfs XML configuration. The core fix replaced a custom XML parsing implementation in ConfigurationUtils.java with a single call to conf.addResource(is), which delegates to Hadoop's built-in Configuration class that already supports compact format. This replacement directly caused the SonarQube fixes in ConfigurationUtils.java: the cognitive complexity (S3776) dropped because the complex parseDocument method was eliminated entirely, the XXE vulnerability (S2755) was removed because the DocumentBuilderFactory usage was deleted, and the duplicate catch block (S2147) was also eliminated — all as direct byproducts of removing the custom XML parsing code. The only incidental fix is the S3824 issue in ContainerMetrics.java, which is in an unrelated file outside the feature scope. The test changes confirm the causal link by adding a testCompactFormatProperty test that directly validates the new behavior enabled by the refactoring."
HDFS-17315,Improvement,False,high,True,True,1,1,1,True,"The fixed SonarQube issue (java:S1481, unused 'sharedDirs' variable in NameNode.java) is directly within the core locus of the JIRA work — the format() method in NameNode.java. The JIRA explicitly describes removing invalid/unused code and converting resource management to try-with-resources, which is exactly what the diff does: it removes the unused 'sharedDirs' variable and refactors FSImage to use try-with-resources. The removal of 'sharedDirs' is one of the 'invalid codes' referenced in the JIRA description, making the SonarQube fix a natural and causal byproduct of implementing the improvement rather than incidental cleanup."
HDFS-16891,Improvement,False,high,False,False,2,1,0,True,"The single fixed SonarQube issue (java:S3824, Map.computeIfAbsent) is in hadoop-yarn-project/hadoop-yarn/hadoop-yarn-common/src/main/java/org/apache/hadoop/yarn/client/api/impl/FileSystemTimelineWriter.java, which is entirely unrelated to the JIRA feature work. The JIRA improvement exclusively targets FSImageFormatPBINode.java in the HDFS namenode, replacing CopyOnWriteArrayList with Collections.synchronizedList(new ArrayList<>()). The fixed SonarQube issue has no spatial overlap with the feature scope and represents incidental cleanup in a completely different module (YARN vs. HDFS)."
HDFS-17208,Improvement,False,high,False,False,5,1,0,True,"The single SonarQube issue fixed is in ContainerMetrics.java (hadoop-yarn-server-nodemanager), which is entirely outside the feature scope. The JIRA and all code changes are focused on HDFS DataNode files (FsDatasetAsyncDiskService.java, FsDatasetImpl.java, FSDatasetMBean.java, DataNodeMetricHelper.java). The Map.computeIfAbsent() fix in a YARN NodeManager class has no logical connection to adding PendingAsyncDiskOperations metrics in the HDFS DataNode, making it purely incidental cleanup committed alongside the feature work."
HDFS-17205,Improvement,False,high,False,False,1,1,0,True,"The single fixed SonarQube issue (java:S3824, Map.computeIfAbsent) is in hadoop-yarn-project/hadoop-yarn/hadoop-yarn-common/src/main/java/org/apache/hadoop/yarn/client/api/impl/FileSystemTimelineWriter.java, which is a YARN file completely unrelated to the HDFS block placement feature being implemented. The feature work is entirely within hadoop-hdfs-project files (DatanodeDescriptor.java, BlockPlacementPolicyDefault.java, BlockManager.java, DFSConfigKeys.java, NameNode.java, etc.). There is zero spatial overlap between the fixed TD issue and the feature scope, making this a clear case of incidental cleanup committed alongside the HDFS feature work."
HDFS-15704,Improvement,False,high,True,True,3,3,3,True,"The JIRA targets LeaseManager.java specifically to mitigate infinite loop issues, and all fixed SonarQube issues in LeaseManager.java are direct byproducts of the feature work: the anonymous Comparator (java:S1604) was eliminated because the sortedLeases TreeSet was removed entirely as part of switching to a HashMap, and the cognitive complexity reduction (java:S3776) on the old checkLeases() method occurred because a new private checkLeases(Collection) method was extracted via RefactoringMiner-detected Extract Method to split the logic. The only incidental fix is java:S3824 in FileSystemTimelineWriter.java, which has no connection to lease monitoring. The test changes in TestDeleteRace.java directly reflect the removal of sortedLeases and the structural refactoring in LeaseManager, further confirming the causal link."
HDFS-16404,Improvement,False,high,False,False,1,1,0,True,"The JIRA issue is about fixing a typo in CachingGetSpaceUsed.java (renaming 'initRefeshThread' to 'initRefreshThread'), and the diff confirms this is the only change made to that file. The single SonarQube issue fixed is a 'Map.computeIfAbsent()' suggestion in FileSystemTimelineWriter.java — a completely different file with no logical connection to the typo fix in CachingGetSpaceUsed.java. The spatial overlap is absent (different files, different modules), and the nature of the SonarQube fix (Map.get() replacement) is entirely unrelated to a method rename, making this clearly incidental cleanup committed alongside the typo fix."
